,0.01,0.34,0.67,1.0,1.1,1.17777777778,1.25555555556,1.33333333333,1.41111111111,1.48888888889,1.56666666667,1.64444444444,1.72222222222,1.8,1.9,1.91224489796,1.92448979592,1.93673469388,1.94897959184,1.9612244898,1.97346938776,1.98571428571,1.99795918367,2.01020408163,2.02244897959,2.03469387755,2.04693877551,2.05918367347,2.07142857143,2.08367346939,2.09591836735,2.10816326531,2.12040816327,2.13265306122,2.14489795918,2.15714285714,2.1693877551,2.18163265306,2.19387755102,2.20612244898,2.21836734694,2.2306122449,2.24285714286,2.25510204082,2.26734693878,2.27959183673,2.29183673469,2.30408163265,2.31632653061,2.32857142857,2.34081632653,2.35306122449,2.36530612245,2.37755102041,2.38979591837,2.40204081633,2.41428571429,2.42653061224,2.4387755102,2.45102040816,2.46326530612,2.47551020408,2.48775510204,2.5,2.6,2.75555555556,2.91111111111,3.06666666667,3.22222222222,3.37777777778,3.53333333333,3.68888888889,3.84444444444,4.0
0,0.0,0.002876033057851243,0.20988991735537182,0.56723272727272733,0.86173057851239687,0.94944099173553764,0.97868727272727241,0.99098082644628116,1.0004621487603307,0.9981044628099166,0.99958347107438072,0.99902512396694221,0.99812760330578532,0.99750975206611503,0.99804826446281014,1.0007004958677681,0.99991404958677721,0.99973818181818119,1.0031689256198348,1.0036885950413221,1.0004178512396684,1.0017309090909088,0.99997421487603266,1.0012201652892567,0.99857289256198345,0.99910280991735501,1.000451239669421,1.0027451239669416,1.0031319008264459,1.0016413223140499,1.004840330578513,0.99795107438016517,0.99988495867768623,0.99647537190082547,0.99890181818181811,0.99943239669421446,0.999974214876033,0.99988991735537269,1.0008049586776862,0.99970677685950382,1.0022165289256193,1.0005613223140484,0.99993685950413247,0.99963404958677815,0.99940528925619898,1.0004667768595041,1.000086280991735,0.99972396694214882,0.99704595041322308,0.99878115702479364,1.0010076033057844,0.99972363636363781,0.99847173553718915,1.0036509090909089,1.0003798347107442,0.99970842975206553,0.99986082644628227,1.0004006611570253,1.0004363636363625,1.0013795041322304,1.0026462809917356,1.0005639669421484,1.000683966942149,0.99991966942148669,1.0020512396694214,1.000259504132232,1.0002221487603296,1.0005170247933886,0.99941388429752076,1.0000581818181826,1.0002647933884292,0.99975669421487734,0.9992796694214876,0.99981355371900915
1,0.0,0.0018556248945859354,0.057032774498229022,0.028253135435992564,0.033771394838927292,-0.028926355203238319,-0.14988415584415585,-0.17595794906392304,-0.27035417777028176,-0.35434451678191942,-0.41143693708888518,-0.42424018215550691,-0.47391321302074568,-0.45065351324000696,-0.46276806206780258,-0.54766685107100688,-0.49355533816832498,-0.58495569573283868,-0.52132087029853269,-0.46059711924439184,-0.53101072018890205,-0.42561602968460072,-0.46839313206274247,-0.5863308551189067,-0.52428425029515968,-0.45395841457244024,-0.45016100522853753,-0.38807120256367011,-0.3719701399898801,-0.31427704503288906,-0.44373109799291599,-0.49694688480350818,-0.50133953111823248,-0.52862666891550003,-0.48477165120593696,-0.47587372575476516,-0.48553598920559954,-0.54133457244054639,-0.36939912295496702,-0.32784424354865926,-0.36125285882948183,-0.53515296340023577,-0.55700191600607252,-0.62893737898465141,-0.44610491482543424,-0.40565567212008785,-0.50603616798785567,-0.50843929836397361,-0.52111731489289925,-0.56264741440377686,-0.33450260077584737,-0.43680697588126138,-0.42560989711587122,-0.4226756215213357,-0.4947222061055831,-0.42274054983977072,-0.57177182661494341,-0.55000750210828175,-0.45078812615955505,-0.52066131219429912,-0.55735371900826403,-0.48229317591499415,-0.54400991060887138,-0.55314155506830842,-0.48407120931017034,-0.55218947545960584,-0.470390096137629,-0.49805440377804067,-0.60834121774329586,-0.5970846753246758,-0.54851071681565133,-0.67412085680553091,-0.60806726935402278,-0.68875787485242101
2,0.0,0.002876033057851243,0.035723250688705278,0.095149393939393895,0.040480578512396698,-0.018267341597796149,0.029312272727272725,0.038897493112947656,-0.061621184573002745,0.054771129476584017,0.15958347107438023,0.18360845730027545,0.190002603305785,0.20646808539944914,0.28200659779614318,0.27465882920110191,0.28220571625344354,0.31452984848484805,0.20087725895316808,0.10014692837465555,0.17312618457300272,0.2100642424242424,0.17205754820936639,0.23726183195592296,0.17815622589531677,0.2430611432506887,0.12961790633608808,0.16691179063360889,0.099798567493112902,0.099141322314049596,0.33671533057851216,0.32503440771349895,0.32613495867768594,0.23730870523415992,0.23119348484848476,0.15234906336088155,0.21726588154269971,0.22676491735537191,0.13684662534435268,0.084706776859504077,0.18784152892561998,0.22722798898071656,0.29993685950413218,0.30067571625344358,0.27482195592286518,0.24109177685950414,0.26800294765840244,0.36847396694214873,0.3803792837465565,0.3737811570247937,0.16267426997245191,0.19534863636363642,0.12013840220385673,0.16281757575757572,0.25058816804407708,0.20366676308539935,0.32090249311294738,0.23540066115702474,0.26918636363636367,0.17637950413223141,0.17306294765840236,0.26577230027548182,0.32443396694214882,0.25616966942148772,0.19934290633608814,0.26171783746556476,0.17293048209366393,0.27822535812672172,0.41691388429752108,0.44318318181818234,0.38797312672176304,0.42829836088154261,0.51552966942148781,0.44939688705234149
3,0.0,-0.013719711622999843,-0.024365401793564268,0.0078710251450676734,0.1085390891506946,0.071143119395111656,-0.02067442940038685,0.027363805169685236,0.0079089572709688822,-0.11508702655178479,-0.11956546509583262,-0.094591897309653616,-0.16591494988570424,-0.16461790750835242,-0.12365386319676454,0.036870708633726046,-0.012213609987691228,-0.039623520309477717,0.058275308598558138,0.021348169509407416,-0.058731084930543333,-0.097843558994197277,-0.20789812554949935,-0.16112026024265888,-0.082916469140144139,-0.227067402848602,-0.17337854756462104,-0.14682934411816415,-0.013251077896957977,0.11376898188851774,-0.16345754176191307,-0.14630424476877085,-0.13926397749252692,0.0098796272199753784,0.012093307543520308,-0.050142071390891545,-0.13491940214524356,-0.19308880604888351,-0.12664184983295229,0.0050259257956743455,-0.0086345349041674017,-0.035608890451907856,-0.19027590645331449,-0.11653616317918063,-0.149105349041674,-0.11272471250219804,-0.052254144540179306,-0.18070156497274489,-0.20423064533145777,-0.24270820467733445,-0.055375375417619131,-0.090276363636363627,-0.081528264462809918,-0.042519303675048331,-0.11515208018287319,-0.15731284684367858,-0.22290513100052756,-0.17491848777914534,-0.20381895551257251,-0.091173687357130329,0.032007983119395116,-0.13475518199402128,-0.10718837348338317,-0.14901650079127834,-0.015182802883770004,-0.090166027782662195,-0.047862957622648146,-0.19182340073852658,-0.29101164761737314,-0.25270777562862667,-0.16760754703710204,-0.20939224195533673,-0.27263522419553371,-0.38890985053631083
4,0.0,-0.017776140855192218,-0.022718778296802019,-0.021680316205533616,-0.090878117139777198,0.023136643909450229,-0.029790988142292481,-0.064888738771110357,0.05741867049946095,0.11788707150556953,0.16697477542220621,0.063807732662594305,0.15356238591448079,0.25120540424002874,0.23065696011498371,-0.0069081997844053144,0.12839231045634208,0.052564268774703535,0.028386316924182527,0.039558160258713587,0.03237437297879988,0.022600474308300412,0.16584378009342435,0.13665494789795196,0.055094631692418287,0.16627672296083379,0.043059935321595369,0.02122338483650734,-0.016215925260510251,-0.14792389507725479,0.05027511318720803,0.067081509162774014,0.065537132590729449,-0.071568106360043154,0.048032252964426883,0.00030196191160618497,0.080191606180380876,0.085107308659719716,0.08297887172116418,-0.048336701401365437,-0.07539216672655398,-0.075525634207689499,0.062328163851958322,0.016373180021559467,0.10201398490837223,0.1261189507725477,0.016608020122170324,0.1740717930291053,0.09791551563061443,0.065085504850880341,0.0097032554796981675,0.02711494071146248,0.059123909450233575,-0.079827351778656117,0.018423312971613343,-0.011813309378368671,0.052904304707150601,0.082139791591807468,0.11043636363636365,7.5156306144446636e-05,-0.078440675530003598,0.18556396694214869,-0.018446467840459922,0.10318053898670497,0.08944254401724766,0.067650808480057417,0.087178670499461028,0.19486485088034489,0.17702257994969459,0.17157992094861643,0.0074387064319080187,0.12519147682357173,0.22775793029105271,0.23611790154509535
5,0.0,0.002876033057851243,-0.0092211937557391977,-0.022100606060606095,0.041508356290174457,-0.032781230486685027,0.16024282828282824,0.11498082644628102,0.07023992653810826,-0.007673314967860426,-0.053972084481175367,-0.018974876033057843,-0.070316841138659325,-0.12426802571166214,-0.17817395775941219,-0.035743948576675864,-0.029419283746556477,-0.07715070707070705,-0.039053296602387516,-0.045422516069788844,0.096862295684113864,0.031508686868686853,-0.068248007346189132,0.00099794306703398627,0.020350670339761217,-0.10289719008264457,-0.075104315886134004,-0.051032653810835625,0.010687456382001833,0.076307988980716196,-0.034937447199265385,-0.068493370064279149,-0.075226152433425147,0.047808705234159754,-0.037320404040404029,-0.057678714416896183,-0.00091467401285583898,-0.018332304866850318,0.00080495867768594104,0.048817887970615211,0.020216528925619801,-0.0047720110192837391,-0.024507584940312226,-0.012588172635445365,-0.14637248852157939,-0.092644334251607022,0.08853072543617993,-0.14383158861340678,-0.031620716253443516,-0.073218842975206602,0.068785381083562899,0.019945858585858577,-0.021306042240587689,-0.043682424242424231,0.00037983471074379315,-0.06940268135904494,-0.0019169513314967917,-0.023821561065197398,-0.025785858585858579,-0.035509384756657492,0.085312947658402166,-0.12832492194674019,-0.011316033057851249,-0.062969219467401277,-0.151504315886134,-0.076629384756657468,-0.063111184573002785,-0.13348297520661181,-0.12903056014692388,-0.044164040404040372,0.11870923783287417,-0.02379886134067951,-0.20249810835629009,-0.14307533516988064
6,0.0,0.002876033057851243,0.013753553719008273,0.016778181818181807,-0.0096330578512396695,-0.0071499173553719111,-0.17654000000000003,-0.15674644628099171,-0.086128760330578563,-0.098713719008264408,-0.062689256198347115,0.025616033057851248,0.019491239669421474,0.025464297520661171,0.11350280991735535,0.0093368595041322423,0.041959504132231373,0.13587454545454544,0.047714380165289248,0.0030067768595041415,-0.057082148760330569,0.0044581818181818221,0.10861057851239689,-0.044234380165289237,0.034709256198347131,0.035239173553719028,0.11067851239669423,0.029790578512396745,-0.029368099173553746,-0.09154049586776862,0.068931239669421523,-0.033639834710743798,-0.060115041322314024,0.047157190082644622,0.0045836363636363531,0.0046596694214875983,-0.11002578512396691,-0.076928264462809925,-0.077831404958677658,0.013343140495867772,-0.012101652892561971,0.02828859504132232,0.13220958677685948,0.06440677685950412,0.040087107438016474,-0.031578677685950414,-0.036050082644628147,0.1429057851239669,-0.02136314049586778,0.073781157024793348,-0.034446942148760339,-0.065958181818181819,0.047562644628099164,0.019787272727272747,-0.028711074380165281,-0.0055188429752066068,-0.026730082644628079,-0.030281157024793389,-0.093654545454545324,-0.074075041322314072,-0.089853719008264429,0.023973057851239678,-0.015679669421487592,-0.031898512396694216,-0.0093123966942148754,-0.007467768595041311,-0.02023239669421488,0.10801702479338841,0.070777520661157056,-0.025850909090909088,-0.073598842975206566,0.04452942148760327,0.14768876033057846,0.1018590082644628
7,0.0,0.0026434749183163585,-0.0080170593888141562,-0.022767272727272751,-0.03896709590620797,-0.003349705938881422,0.1712454122621565,0.18493431481837411,0.13115982317893532,0.017639346530847588,0.1056299827022872,0.0036762867576398319,-0.12140728041514511,-0.040629782817605327,-0.0645098750720738,0.062560960984047662,0.051774514703055941,-0.052819957716701921,0.083634041898904457,0.046711850855275808,0.078557386123390374,0.0096378858350951342,-0.076072296751873894,0.027266676917163196,-0.10607827022871427,-0.072059980780319083,-0.073967364981741376,0.035303263501825867,0.056852831059004405,0.069083182779165919,-0.10492711128195271,0.013067353449932741,0.10430356332884878,0.010428860272919466,-0.09481911205074002,0.026176582740726508,0.047881191620219123,-0.0096449663655583367,0.011735191235825509,-0.084944385931193564,-0.11731835479531033,-0.035950305592927154,-0.089365466077263117,-0.087575252738804538,0.014056452046896034,0.051164451278108772,0.15241186238708451,-0.042136498174130288,-0.05574474726119541,-0.045404889486834535,0.1068215567941572,0.10158410147991535,-0.025714310974437823,-0.039604904862579254,0.041775183547953114,0.031568894868345153,-0.075022894483951594,0.041330893715164345,0.086482875264270676,0.10696089948106852,0.020785815875456474,0.12381978089563721,-0.076292777243897741,0.035501064770324796,-0.056320853353834327,-0.0006707284259081282,0.096501218527772534,-0.047157393811262757,-0.082911697097828127,0.032151205073995749,0.061892700365173893,-0.072103770901403089,-0.070255214299442648,-0.046698074187968529
8,0.0,0.002876033057851243,0.013461345926800473,0.060089870129870084,0.052921054702872838,0.068726706021251471,-0.055360346320346317,-0.033066792601338046,0.04974786304604488,0.058580653286107828,0.024821566312475386,0.042120362062180235,0.1764609366391186,0.16965260920897296,0.10733397874852414,0.024986210153482853,0.022056906729634004,0.097833419913419983,-0.007069169618260508,-0.038454262101534818,-0.044582148760330592,-0.0013643290043290051,0.12021231011412818,0.040505879574970496,0.03023955922865015,0.036959952774498227,0.020213144431326237,0.10655464777646602,-0.021868099173553722,-0.12812058244785521,0.054364140102321955,0.056284407713498609,-0.095353136560409252,0.019094419519874062,0.054139913419913401,-0.01056760330578513,-0.048359118457300294,0.0046518221172766579,0.00056686343959071303,0.012087729240456518,0.032692719401810282,0.02460894136166861,0.13707971664698937,0.12653881149153881,-0.0058328059818968858,-0.05762846123573398,-0.11110419519874051,0.021628728846910653,0.036093569460842134,-0.031456938213301873,-0.032325730027548204,-0.10503826839826839,-0.014147312081857528,0.12769852813852822,-0.0098582605273514479,0.01256557260920896,-0.0020439354584809179,-0.10269457693821339,0.069245887445887416,-0.077906210153482883,0.072170090515544988,-0.14062650924832748,-0.0033636521054702904,-0.057223187721369584,0.00086076347894529809,0.059307123179850416,-0.078349279811097905,-0.09995916568280222,0.065128170011806361,-0.02494181818181819,-0.12663996851633219,0.02785193231011409,-0.014053663911845734,-0.0028054939000393751
9,0.0,0.002876033057851243,0.018914307599274337,-0.055938004434589815,-0.058757226365652046,-0.06446144728885303,-0.017898093126385815,0.0014686313243297811,0.010706051199354973,0.02151909695625882,0.050559080830477755,0.029025123966942144,-0.1269943479137271,-0.099075613787542857,-0.11000051602499498,-0.17222633340052404,-0.12374448699858898,-0.077578891352549875,-0.005855464624067731,0.030273960894980863,0.058222729288449938,-0.076561773835920194,-0.20051359000201582,-0.10829202983269511,-0.0072807659746018903,-0.032360604716790954,-0.086621931062285926,-0.0087182906672042121,0.06654653497278766,0.048714493045756903,-0.011988937714170539,-0.023024535375932253,-0.0093833340052408825,0.014768054827655714,-0.040122572062084277,-0.13105540818383388,0.042169336827252567,-0.025963741181213463,0.0010488611167103399,-0.11126883289659356,-0.083881032049989895,0.0037320540213666622,0.058229542430961498,-0.087439121144930479,-0.018399588792582158,-0.0036795646039105134,0.091549695625881958,-0.0024711550090707533,-0.072466244708728048,-0.035121281999596847,0.066373456964321731,0.12411388026607542,-0.072016069340858704,-0.099275920177383611,0.048184712759524302,-0.059072058052811988,0.087421802056037057,0.1423518806692198,-0.031514855875831471,-0.0059375690385002899,-0.011743962910703492,0.094710308405563493,0.029220552308002416,-0.032031550090707503,-0.070631687159846787,-0.056325861721427117,0.0082709292481354304,0.011736536988510375,-0.035951969361015898,0.046887450110864759,0.048313573876234583,-0.013901842370489833,-0.049256915944366063,-0.014332787744406366
10,0.0,0.002876033057851243,0.096139917355371848,0.10373272727272724,0.013730578512396698,-0.031309008264462805,-0.071062727272727277,-0.12651917355371892,-0.1065378512396693,-0.11889553719008271,-0.064666528925619887,-0.021474876033057866,0.09562760330578518,0.11250975206611571,0.15254826446280997,0.1102004958677686,0.05916404958677686,0.063238181818181735,-0.01733107438016529,-0.037311404958677713,-0.059082148760330612,0.076230909090909141,0.19122421487603319,0.15622016528925609,-0.046427107438016549,0.060852809917355366,0.070701239669421531,-0.049754876033057831,0.017131900826446288,0.0058913223140495833,0.00084033057851240424,-0.12904892561983483,0.01113495867768596,-0.042274628099173574,0.084901818181818134,0.029932396694214908,-0.12027578512396701,-0.097610082644628074,-0.062195041322314022,0.11620677685950415,0.10521652892561979,0.073561322314049687,-0.012063140495867779,0.099384049586776879,0.11290528925619833,-0.029033223140495865,-0.1379137190082643,0.064973966942148756,0.10929595041322315,0.0072811570247933374,-0.079742396694214832,-0.0940263636363637,0.14047173553719008,0.02740090909090909,-0.12037016528925626,0.032458429752066136,-0.043139173553718983,-0.052099338842975192,-0.024313636363636374,0.026129504132231415,0.12364628099173559,-0.10618603305785132,-0.037816033057851216,0.12091966942148759,0.074301239669421523,0.039259504132231414,0.055472148760330547,0.029017024793388448,0.035913884297520682,-0.044941818181818166,-0.05298520661157026,0.0022566942148760445,0.076029669421487714,-0.034936446280991754
11,0.0,0.002876033057851243,-0.00087931341385887431,-0.038408298368298413,-0.080064293282475121,-0.049533367238821763,0.040738554778554752,0.097647493112947639,0.094821123119304823,0.038617283322737866,-0.0032370417461326556,-0.077128722186903975,0.019666064844246666,-0.13120819665183306,-0.16169532528077979,-0.084427709260436495,-0.090342360669633401,-0.051287459207459182,0.021374053824962932,-0.045029353676626444,-0.064966764144945913,-0.074422937062937039,-0.16848732358550522,-0.13826701419792331,-0.0098886458995549858,-0.020127959313413855,-0.050317991099809257,-0.019562568340750167,-0.05661168891714348,0.042410553083280345,0.035353151091332899,0.18897671540580629,-0.02883299004026274,-0.023011807586353059,-0.11238023310023298,-0.057747090485272295,0.020999855901674094,0.034505301970756512,0.053112650985378193,-0.024139376986649717,0.019396016105107005,-0.0073873956346683532,-0.092114422547149827,-0.15523774528501799,-0.065722915872006807,0.020210366603093884,0.098291409196863647,0.071518838737020571,-0.058082254714981969,0.02390936215299852,-0.050018037719855919,-0.0541225174825175,-0.099733392667938098,-0.058143962703962736,0.037559321890230937,-0.077471057427421081,-0.076293019707565093,-0.066522415766052098,-0.0031533799533799657,-0.048876906124178839,-0.11940500105954653,-0.022000135621953826,0.043248069506251333,-0.10238802288620467,-0.0064102987921169892,0.038464632337359632,-0.062854774316592532,-0.010252205975842343,-0.03340662852299215,-0.040198228438228449,-0.044094180970544621,-0.0151151006569188,-0.040207510065691877,-0.04326336935791484
12,0.0,0.002876033057851243,-0.043531135276207049,0.031180095693779875,0.007256894301870361,-0.074243218790778595,-0.063944306220095712,-0.062177068290561105,-0.047432588081774696,-0.082948168769030023,-0.025416528925619825,0.071919860809047387,0.027864445411048266,0.049088699434536746,0.02567984341017833,-0.016404767290126146,-0.011928055676381014,0.057632918660287011,-0.020515284906481076,-0.10183772074815144,0.053575745976511546,0.066730909090909091,0.14444789908655908,0.081483323183992984,0.023836050456720295,0.013313336233144846,0.044924923879947808,-0.021991718138321011,-0.07134178338408001,-0.051779730317529353,0.020366646367986071,-0.11310155719878218,0.068306011309264919,0.15279116137451068,0.010743923444976053,0.001537659852109609,0.046816320139190938,0.069363601565898242,-0.04656346237494563,0.013390987385819913,-0.09883610265332754,-0.029701835580687227,0.054147385819921692,0.1248972074815137,0.064668447150935199,0.091519408438451522,-0.038071613745106564,-0.13343392779469329,-0.062427733797303223,-0.023587264027838159,0.032323392779469343,0.077618373205741595,0.017155946063505879,-0.039243827751196163,-0.043567533710308866,0.027603166594171391,-0.00040233144845584876,0.007242766420182691,-0.042721531100478431,0.031642662026968242,-0.011827403218790772,-0.023120243584167029,-0.12168445411048272,0.030182827316224427,-0.028738234014789012,-0.13921418007829492,0.034958990865593766,0.06209597216180953,0.0094138842975206565,0.066373971291865952,0.015001635493692904,0.020546167899086542,0.053227037842540292,0.024550395824271421
13,0.0,-0.018745588563770298,-0.012542515077060501,-0.081145651105651112,0.0079467947286129149,0.0026842349787804293,-0.048339754299754303,-0.14037052490507029,-0.044672986374804553,-0.017300942595488047,-0.039065177574268452,-0.066650551708733491,-0.099439964261782338,0.021023265579629222,-0.0016814652669198094,0.076105901273174001,-0.025761626088898825,-0.13945100737100713,-0.048452696001786942,-0.0084735671208398498,0.030958391780209947,-0.087188009828009824,-0.063269028367210198,-0.00013118606209515407,-0.063318999329908365,-0.0038701630556176002,-0.09711632789814606,-0.058065686843868647,-0.040381612687067268,-0.0032235425508152864,0.1167322224704042,0.083626750055840929,-0.00092585213312486227,-0.038119222693768162,0.027820737100737101,-0.077594630332812151,-0.087863622961804749,-0.066326298860844318,0.037021174893902178,-0.02299592584319855,-0.018864552155461237,0.040831592584319891,0.0018287513960241236,-0.061176761224033982,-0.053297413446504363,-0.11088457449184722,0.010626821532276081,0.095129372347554142,-0.047548644181371474,-0.041759383515747109,-0.058451856153674327,-0.085952039312039208,-0.086122859057404522,0.058515773955773946,-0.035836381505472442,0.069978700022336401,0.13823920482465943,0.020400661157024789,0.011787714987714987,-0.011593468840741569,0.10859222693768154,0.1078612642394462,0.089873156131337881,0.10262237212419023,-0.023894706276524461,0.15404328791601526,-0.048156229618047816,-0.039753245476881853,0.057521992405628726,-0.16291479115479107,-0.065140612016975588,-0.067000062541880692,-0.0950446549028367,-0.029375635470180912
14,0.0,-0.00045730027548209206,0.0040565840220385752,0.031399393939393928,0.029230578512396684,0.067774325068870475,0.035076161616161637,-0.045130284664830128,0.023517704315886095,-0.0046733149678604216,-0.079027640036730934,0.047636235078053264,-0.0418723966942149,-0.12082358126721761,-0.0013961799816345241,-0.014577281910009182,0.0088029384756657444,0.1330715151515153,0.087335592286501368,0.045077483930211229,0.083473406795224997,0.027008686868686863,-0.024748007346189163,0.040664609733700646,0.02523955922865008,-0.02089719008264463,0.017951239669421512,0.016911790633608811,-0.011312543617998163,-0.034747566574839295,-0.05182633608815429,-0.060382258953168087,0.026273847566574849,0.080364260789715342,0.025290707070707054,0.013321285583103753,0.053029770431588602,-0.045665638200183635,-0.13725059687786956,0.023873443526170771,0.086660973370064329,-0.089160899908172733,-0.071174251606978892,-0.035643728191000895,0.073571955922865001,0.068522332415059659,-0.011302607897153361,-0.080553810835629042,0.124823728191001,0.040170045913682326,-0.055381285583103776,0.076390303030303003,-0.029861597796143259,3.9797979797977085e-05,0.023990945821854934,0.0085973186409549849,-0.046528062442607876,-0.069321561065197476,0.040991919191919211,0.019435059687786967,-0.077075941230486653,-0.0074915886134068214,0.070406189164370983,0.034919669421487588,0.029551239669421477,-0.049462718089990823,0.055499926538108368,0.031072580348943998,-0.013919449035812673,0.13505818181818185,0.033875904499540942,0.083923360881542716,0.081779669421487511,0.024257998163452647
15,0.0,-0.01826682408500591,-0.010110082644628095,0.0035184415584415259,0.015159149940968114,0.0020124203069657558,-0.02388415584415585,-0.011304887839433293,-0.044680708382526496,-0.023324108618654093,-0.093845100354191316,-0.080689161747343585,0.0072704604486422677,0.050366894923258611,0.10233397874852412,0.063843353010625742,-0.09380023612750886,-0.2396903896103893,-0.14454536009445096,-0.13002569067296352,-0.11243929161747337,-0.14369766233766226,-0.094882927981109741,-0.063636977567886624,-0.0091413931523022553,-0.0154686186540732,0.013594096812278638,0.035030838252656411,0.095131900826446306,0.067069893742620956,0.043126044864226692,0.07223678866587957,0.11759924439197161,-0.052667485242030701,-0.089383896103896021,-0.00028188902007085753,-0.0011686422668240859,0.084175631641086157,0.0928049586776859,0.051706776859504082,-0.098926328217237278,-0.012581534828807577,-0.02892028335301064,-0.0017945218417945686,-0.068023282172373106,0.12275249114521848,0.0080862809917355508,0.10172396694214869,-0.065811192443919669,0.021924014167650538,0.049007603305785102,-0.053990649350649358,-0.018099693034238494,-0.025777662337662339,-0.009905879574970489,0.00027985832349468467,0.022717969303423846,0.029543518299881919,-0.073563636363636276,-0.02147763872491144,0.068360566706021253,0.03056396694214876,0.079826824085005854,0.0019196694214876026,-0.068520188902007048,0.035402361275088494,0.0025078630460448497,-0.0069115466351829932,0.075699598583234953,-0.1005132467532467,-0.11287806375442738,-0.080814734356552537,-0.10300604486422664,0.0015278394332939793
16,0.0,0.002876033057851243,0.037242858531842504,0.081644491978609623,0.11996587263004371,0.10120569761789007,0.12898139037433154,0.10156906174039865,0.00810920758386003,0.077222109868740854,0.12370111813320367,0.017848653378706846,0.0060687797763733578,-0.02366671852211958,-0.093128206125425328,-0.069593621779290252,-0.0027330092367525488,0.1629734759358287,0.10581598444336421,0.065159183276616475,0.086888439474963525,0.029672085561497329,0.031150685464268323,0.0094554594069032431,0.01033759844433641,-0.079720719494409342,-0.012784054448225559,-0.048431346621293142,0.06077895964997574,0.042229557608167205,0.062781507049100627,-0.099401866796305319,-0.098644453087019912,0.037357724842002928,0.063313582887700448,-0.049097015070490996,0.0635036266407389,-0.051580670879922207,-0.0036068060281964024,0.00029501215362177967,0.04956947010209059,0.12026720466699085,-0.0035925522605736904,-0.016248303354399612,0.062346465726786579,-0.076886164316966488,-0.12609018959649962,-0.11498191541079247,-0.0094246378220709751,0.069369392318910997,0.01188995624696159,-0.0096881283422459996,0.062001147301895966,-0.095172620320855578,0.057732775887214371,-0.019997452600875071,-0.03602152649489547,0.0080477199805542177,-0.0039754010695187076,-0.07067931939718039,0.061763928050559025,0.035563966942148771,-0.026963091881380626,-0.023315624696159439,0.015874769081186194,-0.05385814292659212,-0.044483733592610639,0.13316408361691801,-0.070586115702479343,0.070940534759358242,0.077323616917841592,0.024462576567817199,0.091632610597958186,0.023342965483714131
17,0.0,0.002876033057851243,-0.019200991735537166,-0.10155515151515156,-0.091905785123966938,-0.039043856749311295,0.025050909090909092,-0.062958567493112974,-0.12196209366391216,-0.14007735537190083,-0.14071955922865018,-0.051580936639118481,-0.005205730027548202,-0.07067206611570262,-0.013163856749311307,0.10463988980716253,-0.0022071625344352668,-0.12632242424242437,-0.049558347107438012,-0.038735647382920103,-0.12685487603305792,-0.023723636363636356,0.010883305785123965,-0.055143471074380231,-0.12021498622589531,-0.057260826446280992,0.0010573002754820982,0.051229972451790555,0.037374325068870493,-0.10078292011019283,-0.054250578512396744,-0.061745895316804383,-0.029812011019283741,0.06132385674931131,-0.023522424242424234,0.091856639118457317,-0.016692451790633611,0.085950523415978003,-0.0422253443526171,-0.070899283746556477,-0.07354104683195585,-0.030347768595041333,-0.019154049586776845,-0.016123526170798902,-0.012412892561983462,0.093800110192837516,0.007965068870523416,0.036087603305785101,0.091591404958677708,0.026962975206611551,-0.026265123966942153,0.065481212121212079,-0.10122523415977955,0.04971151515151518,-0.062650468319559213,-0.013624903581267238,-0.031957355371900822,-0.063235702479338865,-0.039260606060606024,0.022591625344352616,-0.077353719008264446,0.0029882093663911912,-0.040528154269972437,-0.013110633608815411,-0.080069972451790664,0.02328980716253444,0.023858512396694211,-0.14281630853994462,0.007595702479338837,-0.040244848484848487,-0.091856418732782372,-0.062970578512396735,-0.11041730027548199,-0.12442887052341592
18,0.0,0.002876033057851243,-0.0038600826446280913,-0.03370477272727275,-0.067956921487603281,-0.09462150826446282,-0.10287522727272722,-0.069644173553719033,-0.10516285123966941,-0.045958037190082637,0.11427097107438015,0.05246262396694213,-0.062497396694214925,-0.0056152479338843,0.016485764462809905,-0.063362004132231406,0.053664049586776862,0.14723818181818182,-0.047768574380165303,-0.084748904958677665,0.0076053512396694221,-0.037331590909090939,0.046224214876033051,0.1077826652892562,-0.0098646074380165111,-0.016209690082644626,-0.070173760330578511,-0.085067376033057709,-0.017805599173553725,0.032266322314049585,0.0092153305785124037,0.1026385743801653,0.018009958677685945,-0.10258712809917356,-0.050473181818181799,-0.074942603305785102,-0.039713285123966935,-0.033235082644628072,0.079867458677685924,0.093456776859504181,0.067216528925619884,-0.018188677685950411,0.037749359504132253,-0.047553450413223147,0.095967789256198283,-0.078908223140495781,0.051023780991735511,-0.0062135330578512527,-0.01576654958677684,0.011593657024793399,0.038507603305785121,0.040348636363636343,0.060034235537190075,0.022400909090909103,0.068192334710743804,-0.0068540702479338777,-0.0023266735537190038,0.056650661157024829,-0.0089386363636363726,0.071067004132231382,-0.1061037190082644,0.084313966942148641,-0.062441033057851252,0.038982169421487585,0.035801239669421496,0.065884504132231403,-0.012277851239669433,0.18207952479338868,0.051601384297520661,-0.021504318181818194,-0.018797706611570257,0.13881919421487587,0.24365466942148756,-0.0014364462809917339
19,0.0,0.002876033057851243,0.0027931431618235004,0.14723272727272735,0.07044025593175153,-0.0024944921354305553,0.038364692082111428,-0.016438528392428695,-0.14018301252999196,-0.14544392428685685,-0.17106169021594242,-0.12871681151692876,-0.0092917515329245474,0.049767816582244759,0.058048264462809938,0.033926302319381485,-0.039440789122900569,-0.031874721407624637,0.085749570781125092,0.01820472407358039,-0.0060337616635563899,0.023988973607038114,-0.00099352705945080812,-0.13329596374300184,0.040185795787789962,0.014909261530258597,-0.014387470007997869,-0.089190359904025629,0.013454481471607563,-0.0025522260730471897,0.11225968541722203,-0.073339248200479851,-0.14527633164489479,0.002926984804052245,0.011482463343108493,0.15814207411356962,0.16642582777925902,0.046018949613436361,-0.10177568648360431,-0.02287386830178615,0.061248786990136,0.060238741668888381,0.0086465369234870679,0.080924372167422085,-0.012530194614769397,0.11369258331111713,0.12782821647560641,-0.094469581444947992,-0.040695985070647749,-0.041218842975206643,-0.050605299920021315,0.010691378299120232,-0.090560522527326021,-0.02731683284457477,0.011670157291388965,0.062611655558517706,0.072764052252732594,0.024271628898960271,-0.055047507331378268,-0.098943076512929939,0.080065635830445195,-0.089436033057851277,-0.036735387896560896,-0.068144846707544615,-0.0040777925886430252,0.013807891229005607,-0.078810109304185486,-0.12625716875499868,-0.10671514796054378,-0.013490205278592383,-0.051670690482538036,-0.039920725139962671,-0.11039774993335115,-0.055025155958411037
20,0.0,0.002876033057851243,0.074223250688705306,0.028232727272727236,0.080730578512396692,0.088440991735537183,-0.051312727272727274,-0.020019173553718982,0.041128815426997194,-0.084562203856749299,-0.024749862258953165,0.033025123966942113,0.013460936639118452,-0.020490247933884289,-0.053951735537190071,-0.0012995041322314094,-0.099419283746556508,0.012071515151515158,0.079835592286501361,-0.03364473829201102,0.027084517906336085,-0.094602424242424238,-0.12069245179063351,0.049220165289256185,0.01390622589531681,0.06243614325068874,0.041451239669421484,0.18407845730027561,0.080798567493112983,-0.016692011019283744,0.039173663911845735,0.084617741046831896,0.075218292011019303,-0.01952462809917355,0.037235151515151596,-0.1905676033057852,-0.19502578512396684,-0.13444341597796144,0.0038049586776859601,-0.014626556473829197,0.0345498622589532,0.0045613223140496002,0.10360352617079892,0.04030071625344353,0.075738622589531679,0.037800110192837459,0.012419614325068889,0.14139063360881554,0.069379283746556469,0.027781157024793512,0.084340936639118458,0.067056969696969684,0.13447173553719,0.03931757575757576,-0.037620165289256241,-0.10262490358126725,-0.086472506887052311,0.012733994490358121,0.056436363636363687,-0.12328716253443535,-0.023353719008264461,0.24389730027548218,0.1470173002754821,-0.047413663911845746,0.041384573002754853,-0.049073829201101898,0.055222148760330624,0.06351702479338836,0.072080550964187279,0.062058181818181783,-0.011068539944903583,0.030423360881542669,0.10894633608815435,0.096146887052341548
21,0.0,0.002876033057851243,-0.073903186092903944,-0.13518106583072098,-0.01378666286691364,-0.021248663436876609,0.016618307210031349,0.03615324023938446,0.009082838415502989,0.01982860074095184,-0.039382046166999148,-0.12545763465374754,-0.16049308634938739,-0.072490247933884339,0.060462057566258186,0.024148771729837565,0.055431290966087225,-0.10164112852664571,-0.1178655571387859,0.075757560558563655,-0.049582148760330597,0.034834357366771145,0.067905249358791608,0.0019098204616699868,0.040297030493017978,-0.075724776289541162,0.020796067255628378,-0.276565220860644,-0.1151439612425192,0.056468908520946097,-0.032745876318039324,0.0048476261043032161,0.089195303505272147,0.12061330293530925,-0.059718871473354224,0.12494963807352534,0.11273283556568824,0.20851060701054436,-0.002988144770589922,0.074189535480193761,0.038078597891137059,-0.012886953548019393,0.04890237674551156,-0.0096762952408093444,-0.058180917640353373,-0.13056770589911651,-0.061637856939298935,-0.19889672271302367,0.088425260758050794,-0.035701601595896304,-0.19450963807352534,-0.13613843260188094,-0.045321367911085805,-0.01531460815047023,0.15658673126246808,0.010398084924479911,-0.011518483898546593,0.021779971501852374,-0.060942946708463987,-0.061379116557423778,0.046439384440011382,-0.074263619264747768,-0.17035051581647195,-0.12628722713023649,0.00032710173838700236,0.11060433171843825,-0.161157161584497,-0.05362090624109439,-0.027137839840410346,-0.010286645768025078,0.11647168994015381,-0.025415719578227372,-0.099341020233684837,-0.17777265317754332
22,0.0,0.002876033057851243,0.040247060212514743,0.087947012987013004,-0.045769421487603303,0.016940991735537186,-0.0020270129870129938,-0.07187631641086184,-0.11918070838252648,-0.077252680047225478,0.059583471074380175,0.086882266824085036,0.11634188902007081,0.090724037780401459,-0.017308878394332931,0.012486210153482882,0.015271192443919706,0.10616675324675327,0.11745463990554886,-0.073097119244391967,0.077917851239669447,0.054588051948051941,0.0089027863046044695,-0.064136977567886652,-0.031427107438016494,0.15338852420306959,-0.029191617473435617,0.20810226682408492,0.014560472255017698,-0.058358677685950378,0.030197473435655268,-0.003477497048406125,-0.0011864698937426217,0.0068325147579693024,0.045330389610389543,-0.011996174734356539,-0.12288292798110978,-0.18046722550177097,0.04616210153482881,-0.047793223140495854,0.11543081463990566,-0.018724391971664707,-0.11184885478158209,-0.013937378984651708,0.0254767178276269,0.084752491145218392,0.02151485242030696,0.14936682408500579,-0.1772397638724911,0.01663829988193629,0.022793317591499419,0.083295064935064875,-0.076171121605667053,0.047936623376623383,-0.0060487367178276219,0.16256557260920901,0.022717969303423843,0.087543518299881939,0.11365064935064938,0.06280807556080284,-0.093068004722550224,0.032349681227863046,0.1235411097992916,0.10670538370720185,-0.00080590318772138115,-0.14152621015348282,0.070579291617473436,0.023017024793388387,-0.018086115702479342,0.068272467532467504,-0.1272352066115702,0.016899551357733175,0.07677966942148752,0.1115992680047225
23,0.0,0.002876033057851243,0.071371398836853353,0.039084579124579084,0.042471319253137407,-0.029818267523722089,-0.20575717171717189,-0.17716732170186716,-0.067685999387817594,-0.11004368533823071,-0.1937498622589531,-0.083937838996020808,0.0033127884909703136,0.050102344658708102,0.10656678298132843,0.10773753290480555,0.081395531068258295,-0.054706262626262638,-0.14571996326905431,0.019614520967248267,0.067454888276706496,0.02839757575757576,0.057751992653810785,0.13492386899295986,0.10894326293235372,-0.14089719008264462,0.07415494337312524,-0.062440061218243102,0.10868745638200178,-0.0039142332415059659,-0.11775226201408014,0.01424737067646159,0.028773847566574834,-0.010191294765840218,-0.0055426262626262681,0.11572869299051117,0.087381622283440472,0.10692695439240893,-0.067713559840832549,0.15933640648913378,0.18147578818487886,0.016487248239975515,0.14512204468931736,-0.17332891337618611,-0.057261377410468349,-0.092496186103458916,0.017493688399142931,-0.090646403428221667,0.10667558004285269,-0.057144768901132584,-0.12677017447199257,-0.16916525252525255,0.078842105907560495,-0.054867609427609453,0.042231686562595641,-0.22695823691460051,-0.0012502846648301191,-0.055154894398530781,-0.056230303030303005,-0.10158345883073146,0.14672035506580949,-0.050917514539332714,-0.11042714416896234,0.015104854606672789,0.12834753596571777,0.031000244872972135,0.015036963575145392,-0.145038530762167,-0.02614167125803489,0.0041322558922558946,0.13544997857361496,0.033830768288950111,0.079650039791858016,-0.1212975573921027
24,0.0,0.002876033057851243,-0.015879313413858856,-0.020074965034965055,0.037884424666242845,0.13290253019707568,0.068302657342657322,0.10790390336935797,0.0046929179910997895,0.041950616656071193,-0.0034934520025429261,0.071332816274634489,-0.082641627463445624,0.026355905912269547,-0.065413273998728511,-0.051222581055308379,-0.0012397965670692891,-0.02526181818181818,0.14316892561983471,0.019842441195168474,-0.098428302606484414,0.095961678321678304,-0.0011796312778131093,-0.02993368086458998,-0.096811722822631965,0.034487425301970756,0.020066624284806114,0.16351435473617304,-0.047252714558169116,-0.073743293070565791,0.01176340750158932,0.055258766687857591,0.0056541894469167263,0.017244602670057216,-0.047636643356643332,0.029817012078830269,0.10612806102987916,0.05065914812460269,0.06888188175460902,-0.046831684678957396,0.035678067387158306,0.058253630006357221,-0.075063140495867792,0.11578789574062297,0.13017452002542904,0.065082161474888794,-0.042606026700572161,0.15010858232676427,0.046276719643992444,0.069550387794024088,0.20793068022886207,0.14318517482517484,-0.055374418308963759,-0.043656783216783179,-0.15962016528925604,0.13163150667514306,-0.03360071201525746,0.0077083534647170967,0.025820979020979067,0.052533350286077557,-0.0061998728544183021,0.028640890019071837,0.072607043865225651,-0.092772638270820135,-0.10794876033057851,0.032182581055308329,-0.10285477431659253,0.17667087094723452,0.030952345835982199,-0.10455720279720274,0.019110947234583606,0.023602848061029899,0.038510438652256861,0.18789047679593118
25,0.0,0.002876033057851243,0.020689917355371897,-0.016767272727272738,0.019330578512396685,-0.0085590082644628127,-0.11251272727272729,-0.047019173553719054,-0.068337851239669442,0.01930446280991735,-0.0028165289256198338,0.098625123966942188,0.065727603305785143,0.08310975206611565,-0.010751735537190086,-0.0012995041322314054,0.092314049586776858,0.048938181818181832,-0.20403107438016538,0.13408859504132242,0.13801785123966939,-0.12266909090909095,-0.038025785123966947,-0.094779834710743818,-0.085427107438016542,-0.0060971900826446322,0.13365123966942152,-0.020054876033057847,0.034331900826446285,0.1836413223140495,-0.13235966942148764,0.055151074380165289,-0.036115041322314058,0.10607537190082642,-0.012698181818181824,0.032232396694214849,-0.13042578512396688,0.027489917355371901,0.010404958677685948,0.16170677685950405,0.0078165289256198461,0.038561322314049601,0.13713685950413226,-0.0027659504132231394,-0.058994710743801616,-0.023133223140495887,0.014086280991735513,-0.1230760330578512,0.041445950413223145,0.015181157024793397,0.015007603305785131,-0.2794763636363638,-0.0027282644628099121,0.0052509090909091003,0.0575798347107438,-0.056691570247933913,0.08866082644628101,0.15440066115702489,0.0796363636363637,0.13777950413223136,-0.016953719008264475,-0.057436033057851235,-0.043716033057851239,-0.10968033057851237,0.072051239669421466,0.012259504132231395,0.12982214876033057,-0.096682975206611593,-0.10618611570247935,-0.080741818181818165,-0.12413520661157029,0.037756694214875978,0.016879669421487595,-0.086586446280991727
26,0.0,0.002876033057851243,-0.035943415977961427,0.061816060606060576,0.10881391184573,0.1231909917355372,0.15827060606060597,0.11931415977961425,0.00754548209366391,-0.043145537190082663,0.0033334710743801658,0.03902512396694216,-0.008539063360881529,-0.070823581267217633,0.030131597796143227,0.054450495867768602,0.10491404958677686,-0.11401181818181817,0.17191892561983457,-0.10464473829201104,0.010834517906336074,0.088814242424242393,0.025807548209366375,-0.14002983471074382,0.11565622589531686,-0.02464719008264462,-0.065382093663911844,0.036495123966942135,0.08646523415977958,-0.046692011019283747,0.14692366391184566,-0.011215592286501389,-0.094698374655647385,-0.033107961432506883,0.13306848484848494,-0.055150936639118492,0.033724214876033061,-0.038026749311294787,0.048304958677685889,-0.066543223140495891,0.013049862258953158,0.071394655647382899,0.095353526170798786,0.11505071625344356,-0.0080947107438016502,-0.028699889807162489,-0.010747052341597776,0.090140633608815413,-0.051704049586776886,-0.025802176308539936,0.15517426997245182,0.19805696969696965,-0.0011115977961432481,0.025734242424242423,-0.045870165289256179,0.071791763085399474,-0.09055584022038568,-0.014182672176308546,-0.081646969696969662,-0.091120495867768644,0.1938962809917357,0.0063973002754820919,0.0061006336088154315,0.077003002754820929,-0.060865426997245189,0.030676170798898072,-0.1343611845730027,-0.006982975206611548,0.093163884297520649,0.16464151515151515,0.011514793388429766,-0.08774330578512389,-0.1132203305785125,-0.043519779614325085
27,0.0,0.002876033057851243,0.03206383039885017,0.030276205533596806,-0.044356378009342452,0.06770186130075459,-0.099138814229248945,0.010546043837585339,0.11698388789076536,0.16897402802730871,-0.073894789795185101,0.053372950053898666,0.049431951131872091,0.19229236076176803,0.044135220984549042,0.062439626302551197,0.019044484369385561,0.11017296442687741,-0.11552672655407824,0.18934076895436586,0.039983068630973791,-0.17261691699604731,-0.10437361121092353,0.022524513115343144,-0.18925319439453822,0.18475498383039873,0.078277326625943208,-0.051167919511318695,-0.087737664390945033,0.067293496227093019,0.0083185914480775995,-0.012048925619834717,0.05858061085159906,0.092997111031261265,-0.085011225296442755,0.094649787998562718,0.048235084441250457,0.1033681782249371,0.046457132590729415,0.081880689902982251,-0.041261731943945293,-0.076395199425080787,-0.056150097017607016,-0.037322472152353632,0.052883550125763561,0.25524938555515625,-0.080783284225655713,-0.10418907653611222,0.030958993891484012,0.033563765720445601,-0.098992396694214904,-0.21288505928853774,-0.14457174272367948,0.022781343873517761,0.056466791232482987,0.013621473230326985,0.12812169601149836,0.11431370463528574,0.074349407114624441,0.023118634567013987,-0.21691893639956883,0.027085706072583534,0.009379619116061803,-0.11660206970894724,0.068572978799856202,0.054172547610492235,-0.075864807761408484,-0.10078732303269845,0.025066058210564148,-0.16081138339920947,-0.012778684872439806,-0.046765044915558732,0.16014923463887892,-0.089751663672296089
28,0.0,0.002876033057851243,-0.032837355371900842,0.0063236363636363421,-0.044633057851239687,-0.10010446280991735,-0.046767272727272671,-0.068564628099173519,-0.041810578512396564,-0.15053190082644619,0.038219834710743805,-0.055974876033057848,-0.13550876033057851,-0.14203570247933903,-0.061497190082644586,-0.042935867768595024,0.030368595041322305,0.083829090909090895,0.12498710743801671,-0.16449322314049597,-0.18276396694214878,0.013094545454545454,0.0099742148760330676,-0.18423438016528909,0.080845619834710766,-0.24680628099173554,-0.12727603305785121,0.0091087603305785164,-0.070504462809917318,-0.035176859504132241,-0.076523305785123924,0.047496528925619813,-0.06420595041322312,-0.055797355371900823,0.0048109090909090896,-0.062385785123966933,0.028156033057851252,-0.12192826446280992,-0.045558677685950434,-0.093020495867768546,-0.13096528925619844,0.064652231404958627,0.057664132231404909,0.051452231404958623,-0.058776528925619811,-0.087715041322314113,0.058722644628099264,-0.053457851239669389,-0.1374995041322313,-0.041218842975206602,0.0055530578512396726,-0.01754909090909091,0.063926280991735543,0.09774181818181818,-0.058256528925619805,-0.083927933884297604,-0.0078664462809917429,0.0072188429752066139,-0.124109090909091,0.0045613223140495898,0.17082809917355379,-0.035345123966942171,0.040229421487603306,0.040374214876033036,-0.082039669421487674,-0.028376859504132216,-0.044323305785123966,0.097335206611570163,0.022595702479338842,-0.0022145454545454855,0.030719338842975206,0.0011203305785124074,-0.018447603305785116,-0.056550082644628095
29,0.0,0.002876033057851243,-0.08725293978748519,-0.12562441558441567,-0.039697992916174735,-0.062463770169224692,-0.045598441558441533,-0.058542983077528532,-0.21001404171585958,-0.032847918142463614,0.035297756788665868,-0.10907011412829597,-0.17187239669421497,-0.081537866981503448,0.05138159779614327,0.033557638724911444,0.13086643053915789,0.13069056277056268,-0.055878693427784329,0.15178383313656046,0.098989279811097952,0.12030233766233758,0.090450405352223484,0.20169635576544676,-0.042855678866587983,0.14481709563164102,-0.029548760330578516,0.028459409681227846,0.027893805588351035,0.054974655647382915,0.13531652105470285,-0.024429878000787119,0.17559924439197161,0.056475371900826452,0.087949437229437266,-0.11009141282959461,-0.10812102321920504,0.12750896497441949,-0.10062361275088551,0.097802014954742222,0.17221652892561987,-0.063248201495474235,0.072317811885084626,0.043919763872491122,-0.04535661550570641,-0.044295127902400609,-0.055628004722550119,0.13877158598976794,0.086093569460842068,-0.075980747737111262,-0.018992396694214878,0.14829506493506492,-0.013433026367571816,-0.063968138528138527,0.10752269185360093,-0.05172014167650528,0.021289397874852414,0.036591137347500961,-0.092420779220779389,-0.10719192443919731,-0.12687752853207404,0.033897300275482094,-0.0021731759149940964,-0.1196041401023219,0.088241715859897651,-0.013550019677292427,0.17641262495080667,0.03432654860291217,0.012271027154663494,-0.025656103896103902,-0.10592568280204633,0.06213764659582844,0.21689871704053507,0.020765934671389211
30,0.0,0.002876033057851243,-0.0806100826446281,-0.11826727272727275,-0.093769421487603283,0.028940991735537193,0.035687272727272741,-0.015519173553719014,0.14046214876033039,0.11360446280991729,-0.0049165289256198359,0.044025123966942165,0.17212760330578511,0.24600975206611572,-0.11245173553719014,-0.21629950413223153,-0.033085950413223153,-0.032761818181818197,0.13066892561983459,0.0091885950413223092,0.1314178512396694,0.12723090909090909,0.014974214876033063,-0.10077983471074382,0.067072892561983455,-0.057397190082644663,0.0044512396694214914,0.00074512396694215329,0.10613190082644629,-0.049358677685950425,-0.10265966942148765,-0.11904892561983468,-0.23911504132231404,-0.020524628099173551,-0.045098181818181808,0.074932396694214892,-0.0050257851239669284,-0.062610082644628098,0.0073049586776859467,0.055206776859504127,0.1017165289256199,0.081561322314049584,-0.11106314049586778,-0.028865950413223155,0.0034052892561983383,0.13196677685950406,0.13808628099173562,-0.058276033057851243,0.1320459504132232,-0.020218842975206625,0.10500760330578504,-0.082776363636363537,0.01247173553719007,0.052150909090909102,-0.0016201652892561995,0.0037084297520661169,-0.059639173553719012,0.0404006611570248,-0.033563636363636379,-0.0086204958677685902,-0.055853719008264455,-0.11843603305785123,-0.067816033057851263,0.048919669421487594,-0.042448760330578504,0.053759504132231413,-0.071277851239669399,0.048017024793388395,-0.095586115702479366,-0.023941818181818193,0.15626479338842991,-0.0097433057851239718,-0.12022033057851238,-0.10268644628099176
31,0.0,0.002876033057851243,0.0093636015658982059,-0.028556746411483286,-0.097216789908655926,-0.16213795563288386,-0.068681148325358862,-0.022177068290561108,0.11256741191822518,0.029683410178338403,0.033793997390169625,-0.061501191822531505,-0.082925028273162268,-0.16564814267072644,0.10910089604175725,0.14701628534145278,0.057808786428882181,0.0076329186602870479,-0.13051528490648098,-0.015785089169204,-0.055371622444541087,-0.029321722488038261,-0.056867890387124864,0.038062270552414089,-0.038795528490648136,-0.08142350587211826,0.059398608090474134,0.19379775554588963,0.11892137451065674,0.085851848629839064,-0.029896511526750758,-0.055206820356676865,0.14304285341452794,0.073843792953458026,0.23732287081339692,0.047327133536320121,0.1178689517181383,0.054100443671161395,0.076594432361896433,-0.05292480208786432,-0.073572944758590872,-0.1031228882122663,0.088884227925184869,0.019634049586776857,-0.031647342322748996,-0.14532269682470639,0.021138912570682917,0.12498712483688566,0.070730160939538891,0.066675893866898706,0.16942865593736398,0.08603942583732066,0.073208577642453226,-0.061612248803827763,0.094064045237059621,0.14286632448890813,0.1240713527620704,0.0098743453675511177,0.073067942583732032,-0.11230470639408435,0.051593649412788191,0.028985019573727681,-0.081947612005219661,-0.08060664636798609,-0.018475076120052177,-0.057108916920400168,-0.010304167029143059,-0.026851396259243199,0.070992831665941669,-0.08152076555023921,-0.058682575032622857,0.0076514310569813001,0.037700722053066571,0.078760922140060807
32,0.0,0.002876033057851243,-0.010110082644628093,0.014454949494949472,0.070063911845730006,0.024996547291092734,0.19424282828282829,0.047647493112947706,-0.084537851239669309,-0.017451092745638216,0.10125013774104685,0.20180290174471993,0.10146093663911851,0.10750975206611559,-0.023062846648301192,-0.17041061524334242,-0.11730817263544539,0.043627070707070746,0.21761337006427919,0.054244150596877941,-0.16235992653810832,-0.16771353535353534,0.037196437098255236,-0.057113168044077164,-0.11364932966023876,0.041880587695133122,-0.082326538108356301,-0.064477098255279988,0.092020789715335172,-0.22002534435261711,-0.065159669421487626,0.12183996326905419,-0.1578928191000917,-0.0090801836547291098,-0.051653737373737317,-0.04278982552800735,-0.083914674012855781,-0.051221193755739199,-0.046417263544536284,0.039706776859504161,0.051105417814508669,0.041672433425160686,-0.14950758494031224,-0.085365950413223077,-0.035039155188246102,0.17435566574839295,-0.011580385674931127,-0.12805381083562917,-0.115176271808999,-0.12899662075298426,-0.19899239669421476,0.035279191919191918,0.11013840220385671,0.12087313131313131,-0.096842387511478251,-0.091958236914600616,-0.10347250688705227,0.059289550045913658,0.044325252525252615,-0.046953829201101888,0.079868503213957706,0.023897300275482102,-0.25876047750229558,-0.034524775022956852,0.16316235078053251,0.0069261707988980707,0.087999926538108439,0.0032948025711662045,-0.1455861157024794,0.12283595959595951,0.123598126721763,0.18197891643709826,0.099279669421487388,-0.032408668503213958
33,0.0,0.002876033057851243,-0.033639494409333955,-0.0074731550802139089,-0.17062236266407393,-0.082323714146815774,-0.016606844919786104,0.029216120563928066,-0.0065966747690811853,0.023986815751093845,-0.11335770539620806,-0.013327817209528438,-0.10540180845892083,-0.10307848322800188,0.11334238210986872,0.22128873116188644,0.098149343704423839,-0.13614417112299471,-0.046831074380165275,0.024865065629557641,0.0063002041808458871,0.044672085561497349,0.01585656781720958,0.15710251823043275,0.10798465726786576,-0.037956013612056437,0.1216277102576568,0.03039218279047156,0.0078377831793874832,0.10870014584346137,0.11542856587263003,-0.046166572678658244,0.078120252795333023,0.012945960136120564,-0.04462759358288771,-0.056449956246961593,0.039385979581915406,0.085184035002430727,0.094334370442391791,-0.011469693728731158,-0.21307758872143889,-0.10179161886242095,0.15170156538648522,-0.00095418570734078856,0.08646411278561017,-0.034827340787554693,0.0036156927564414314,0.16972396694214895,0.11410477394263494,0.070545862907146345,0.16394877977637332,-0.10615871657754013,0.082001147301895991,-0.0081137967914438613,-0.095502518230432668,0.056179017987360219,0.10397847350510452,-0.04195228001944578,-0.015445989304812805,0.16137950413223151,-0.097353719008264575,-0.027671327175498292,0.30950749635391339,-0.044197977637335899,-0.02088993680116677,0.054965386485172581,-0.012719027710257671,0.061693495381623685,0.20529623723869736,-0.0099418181818181888,-0.25091167719980551,0.0032861059795818758,-0.14189680116674785,0.026872377248420024
34,0.0,0.002876033057851243,-0.0076100826446280859,0.038482727272727252,0.057355578512396699,0.037565991735537187,-0.04318772727272728,0.041605826446281011,-0.034537851239669418,0.02185446280991735,0.03583347107438016,-0.095974876033057904,0.028752603305785093,-0.099365247933884376,0.019923264462809908,-0.12367450413223137,-0.11008595041322318,0.12411318181818183,0.0025439256198346938,0.00056359504132231337,-0.001457148760330579,-0.016394090909090921,-0.018775785123966951,-0.021904834710743736,-0.14580210743801653,0.061602809917355332,-0.14142376033057849,0.039620123966942158,-0.026868099173553747,-0.23898367768595047,-0.17203466942148771,-0.022673925619834692,-0.1157400413223142,-0.10102462809917359,0.083901818181818189,0.12380739669421484,-0.13877578512396702,-0.079485082644628141,-0.08732004132231401,0.014081776859504127,0.19596652892561972,0.046186322314049635,-0.1775631404958678,0.017134049586776865,-0.026844710743801653,-0.015158223140495881,-0.067413719008264483,-0.14402603305785136,-0.02982904958677688,-0.12809384297520662,-0.13524239669421478,-0.048401363636363638,-0.1102782644628099,0.152400909090909,-0.12587016528925615,-0.14904157024793391,-0.054514173553719056,0.14852566115702467,0.026686363636363647,-0.10112049586776868,0.11764628099173563,0.086188966942148698,-0.24806603305785124,-0.026330330578512404,-0.052323760330578485,0.0096345041322313911,0.071472148760330645,0.18239202479338867,-0.11183611570247931,0.18255818181818195,0.22213979338842965,-0.022743305785124023,0.011154669421487639,-0.047061446280991757
35,0.0,0.00087603305785124324,-0.092110082644628111,-0.06410060606060608,-0.28960275482093656,-0.18389234159779619,-0.11597939393939391,0.024980826446280989,0.018462148760330574,0.0027711294765840229,-0.095083195592286479,0.046358457300275456,0.04946093663911845,0.014176418732782374,0.096048264462809937,0.017367162534435262,0.17391404958677698,-0.09559515151515155,0.090502258953167852,0.10835526170798898,-0.022915482093663887,0.07906424242424244,0.13997421487603304,-0.13611316804407722,0.039906225895316776,0.015102809917355355,-0.030215426997245189,-0.22125487603305788,0.013798567493112949,0.23564132231404961,0.27617366391184556,-0.14271559228650141,0.068551625344352593,-0.018857961432506884,-0.14909818181818169,-0.003900936639118452,0.020640881542699708,-0.037443415977961483,0.076138292011019293,0.035040110192837468,-0.027116804407713486,-0.037438677685950439,0.30927019283746565,-0.069699283746556484,0.044071955922865023,0.010466776859504107,-0.031913719008264507,0.043057300275482088,0.051712617079889805,0.12278115702479325,0.18434093663911838,0.061056969696969644,0.1071384022038567,-0.10101575757575765,0.054379834710743771,0.2057084297520661,0.14452749311294763,0.030400661157024837,-0.030896969696969704,-0.0072871625344352155,-0.24535371900826433,-0.022102699724517907,0.19068396694214876,0.027919669421487599,-0.086615426997245212,0.064926170798898078,0.02222214876033057,-0.062149641873278219,0.083413884297520641,-0.049275151515151487,-0.18906853994490347,0.0064233608815427237,-0.090053663911845674,-0.049519779614325125
36,0.0,0.002876033057851243,-0.041538654073199524,0.030089870129870112,0.0095877213695395487,-0.030559008264462815,-0.0070270129870129991,0.037409397874852417,0.021176434474616271,0.040247319952774481,0.17744061393152286,-0.039546304604486417,-0.026158110979929192,0.048224037780401421,-0.039094592680047252,-0.14501378984651722,-0.088657378984651786,-0.062404675324675286,-0.11325964580873685,-0.21131140495867751,-0.045296434474616253,-0.092554805194805176,-0.19002578512396717,0.11479159386068476,-0.065712821723730816,0.081245667060212468,-0.10026304604486416,-0.054397733175915015,-0.025439527744982308,0.0052127508854781512,-0.09658824085005889,0.052236788665879538,0.0648849586776859,-0.043524628099173554,-0.053955324675324635,0.0080038252656434508,-0.044311499409681189,0.2034613459268004,0.090804958677685885,0.0025639197166469384,-0.00064061393152303747,0.054847036599763838,-0.14077742621015352,0.082491192443919684,-0.07988042502951595,0.0097524911452184174,-0.02705657615112159,-0.060276033057851237,-0.075096906729634053,0.075209728453364835,0.017436174734356547,0.16329506493506482,-0.10295683589138131,0.22722233766233771,0.031094120425029528,-0.035291570247933918,-0.072282030696576169,-0.12317076741440375,0.036864935064935128,-0.085049067296340042,0.17336056670602118,0.12627825265643466,-0.074316033057851283,0.024919669421487583,-0.082234474616292769,0.030973789846517129,0.085936434474616311,0.066945596221959905,0.040128170011806331,0.1500581818181817,0.1388362219598584,-0.02524330578512398,0.11142252656434466,0.12552783943329399
37,0.0,0.002876033057851243,-0.030879313413858852,0.018771188811188805,0.027115193897012082,-0.12209746980292438,0.021764195804195811,-0.030557635092180558,0.086615994914176792,-0.11420322949777498,-0.11887806738715828,-0.10866718372536552,-0.061872396694214862,-0.15633640178003824,0.12727903369357915,0.12916203432930709,-0.057009027336300061,0.08281510489510481,0.1208612333121423,0.11599628734901465,-0.068043687221869056,0.073269370629370667,0.093820368722186825,0.020450934520025502,-0.036811722822631898,0.024487425301970771,0.46968200890019063,0.14043743165924996,0.12082420851875392,0.078564399237126492,0.097917253655435452,0.014104920534011422,0.03296188175460902,0.011090756516211062,-0.015713566433566424,-0.090567603305785116,-0.030795015893197705,-0.20395623649078184,-0.073041195168467937,-0.034139376986649685,0.093754990464081228,-0.080977139224411784,0.36455224411951676,-0.081135181182453914,0.050174520025429097,-0.13645630006357282,0.097778588684043141,-0.17642987921169734,-0.12449251112523851,-0.27198807374443684,-0.047453935155753371,-0.11335328671328676,0.015394812460267021,-0.051733706293706251,-0.081927857596948539,0.052016122059758432,0.099860826446281067,0.1004006611570246,0.035820979020979055,0.01830258105530834,-0.12812294977749528,0.059794736172917994,0.037607043865225717,-0.020080330578512398,-0.020256452638270805,0.062567196439923686,-0.22285477431659231,-0.1125598982835347,-0.082124577240940896,-0.030711048951048956,0.038726331849968293,0.038218232676414519,-0.10225879211697389,-0.27172490781945319
38,0.0,0.002876033057851243,-0.07344341597796146,0.058066060606060593,0.10173057851239672,0.18360765840220389,0.19368727272727276,0.094314159779614215,-0.17453785123966942,-0.0010622038567493124,0.16208347107438012,0.054025123966942104,0.13479426997245178,0.13834308539944914,-0.17111840220385668,-0.1534661707988981,-0.17841928374655644,-0.10526181818181829,-0.15766440771349857,-0.049644738292011041,0.036251184573002776,-0.089102424242424247,-0.055025785123966935,0.12788683195592288,0.16190622589531678,0.12160280991735535,-0.13121542699724517,-0.15475487603305771,-0.076034765840220342,0.10080798898071629,-0.052659669421487608,-0.027048925619834706,-0.00011504132231404959,-0.072691294765840186,-0.083598181818181738,0.15359906336088158,-0.034192451790633592,0.16738991735537195,-0.05586170798898072,-0.0011265564738291867,0.016383195592286508,0.0080613223140496067,-0.24089647382920121,0.15130071625344349,0.010238622589531683,0.1613001101928376,-0.054913719008264493,0.21472396694214851,0.2078792837465562,0.38878115702479321,0.14434093663911843,0.086390303030302956,0.090971735537190068,-0.020515757575757583,0.018713168044077137,0.0022084297520661177,0.063194159779614345,-0.13793267217630845,0.097936363636363488,-0.046120495867768618,0.22347961432506872,-0.073602699724517884,0.059850633608815429,0.0065863360881542763,0.054551239669421429,0.028592837465564725,-0.0497778512396694,0.0055170247933884701,0.091913884297520662,0.005891515151515158,-0.072235206611570291,-0.056909972451790615,0.17094633608815429,0.19564688705234168
39,0.0,0.002876033057851243,-0.010110082644628076,0.026323636363636313,-0.17463305785123967,-0.097831735537190087,-0.1404036363636364,-0.036291900826446288,0.026825785123966928,0.24901355371900827,-0.18496198347107426,-0.044611239669421494,-0.17096330578512395,-0.32976297520661135,0.17623008264462814,0.20615504132231408,0.26536859504132232,0.01882909090909091,-0.007740165289256213,-0.023584132231404934,0.038599669421487626,0.12900363636363635,-0.06638942148760324,-0.073325289256198398,-0.12142710743801645,0.044557355371900816,0.16136033057851246,0.45183603305785097,-0.11141355371900824,-0.3001768595041322,-0.079705123966942126,0.077951074380165339,0.042612231404958664,0.051929917355371905,0.12799272727272754,-0.079658512396694206,0.089974214876033021,-0.11101917355371899,0.081714049586776957,-0.199384132231405,-0.022328925619834763,-0.089438677685950319,0.10902776859504129,0.070543140495867782,0.17213256198347116,0.0086485950413223225,0.10190446280991727,-0.27391239669421485,0.058864132231404985,-0.38849157024793413,0.121916694214876,0.0060872727272727268,-0.094255537190082561,0.15819636363636344,0.0021980165289256174,0.029708429752066126,0.035315371900826446,0.094037024793388491,-0.12774545454545469,-0.10952958677685955,-0.089171900826446271,0.1714730578512399,0.013411239669421499,0.059919669421487597,-0.15885785123966945,-0.025195041322314034,0.031131239669421482,-0.05402842975206619,-0.096949752066115613,0.028240000000000001,0.0011738842975207078,0.023393057851239664,-0.12253851239669424,-0.076550082644628273
40,0.0,0.002876033057851243,0.040889917355371931,0.14923272727272729,0.20373057851239673,0.22744099173553717,0.31468727272727276,0.3909808264462809,0.25046214876033052,-0.051895537190082622,0.086583471074380136,-0.047974876033057855,0.049127603305785111,0.070509752066115775,-0.073951735537190061,-0.16529950413223143,-0.14908595041322306,0.0857381818181817,0.16716892561983479,0.27168859504132237,0.11341785123966938,0.1107309090909091,0.0089742148760330182,0.13822016528925618,0.15657289256198351,0.0061028099173553677,0.030451239669421478,-0.097254876033057963,0.1331319008264463,0.39064132231404969,0.13984033057851245,0.047951074380165257,0.048884958677685927,-0.07752462809917357,-0.069098181818181711,0.25843239669421481,-0.0070257851239669501,0.022889917355371908,-0.22119504132231405,-0.026293223140495869,-0.023783471074380173,0.13856132231404963,-0.10206314049586769,0.043634049586776857,-0.25359471074380163,-0.062533223140495836,-0.29491371900826474,0.11972396694214878,0.023045950413223108,0.29378115702479352,-0.03599239669421489,-0.39227636363636387,-0.034528264462809932,-0.20034909090909087,-0.20962016528925634,-0.10429157024793387,0.025860826446280981,0.049400661157024822,-0.045563636363636341,0.0053795041322314049,-0.18035371900826447,-0.080436033057851228,0.072683966942148737,0.081919669421487651,0.13605123966942137,0.10225950413223137,-0.097777851239669339,-0.24248297520661186,0.12441388429752072,0.12205818181818173,0.060264793388429778,-0.058243305785123961,-0.27572033057851242,0.044813553719008289
41,0.0,0.002876033057851243,0.022112139577594139,0.13723272727272723,0.22506391184572996,0.17944099173553721,0.054242828282828254,-0.0056858402203856769,0.27046214876033026,0.19254890725436172,0.082916804407713485,0.18346956841138662,-0.052983507805325979,-0.18804580348943994,-0.11861840220385669,-0.13263283746556476,-0.083419283746556425,-0.018039595959595957,-0.16460885215794291,-0.1640891827364554,0.039306740128558323,0.10061979797979792,-0.11002578512396703,-0.18766872359963271,-0.16698266299357212,-0.034230523415977959,-0.022882093663911838,0.1860784573002752,0.026465234159779579,-0.19613645546372815,-0.085159669421487505,0.083506629935720764,0.043218292011019281,0.039808705234159775,0.075568484848484843,-0.14167871441689628,-0.14224800734618909,-0.2812211937557389,0.12524940312213034,0.0030401101928374682,0.03221652892561986,-0.036105344352617065,0.017714637281910015,0.086300716253443599,0.1438497337006428,0.0026889990817263506,0.18786405876951323,0.1030573002754822,0.14371261707988991,-0.14677439853076213,0.24767426997245195,0.3308347474747475,0.034027291092745625,0.2292064646464646,-0.055175720844811746,-0.028069348025711652,0.026527493112947678,-0.13182156106519738,0.099325252525252511,-0.096398273645546387,-0.016242607897153351,-0.10388047750229576,-0.073760477502295613,-0.16230255280073469,-0.040170982552800757,-0.081962718089990838,0.11799992653810826,0.28496146923783261,-0.10169722681359052,-0.058830707070707103,-0.0019574288337924754,0.1075344719926539,0.4003907805325988,-0.21796422405876928
42,0.0,0.002876033057851243,-0.051360082644628081,-0.050267272727272765,-0.17701942148760327,-0.20055900826446293,0.11743727272727283,0.21848082644628097,-0.20828785123966939,-0.28939553719008271,-0.056666528925619797,-0.34097487603305754,-0.0018723966942148756,-0.044990247933884418,0.14429826446280994,0.27195049586776848,0.40366404958677732,0.053488181818181817,-0.039331074380165282,0.093688595041322348,-0.020832148760330561,-0.073269090909090978,0.2137242148760331,0.069970165289256148,-0.04017710743801655,0.0016028099173553757,-0.090798760330578515,-0.21725487603305804,0.10688190082644632,0.20789132231404953,-0.21140966942148776,-0.0020489256198347144,0.037384958677685952,0.020225371900826447,0.047651818181818184,0.18568239669421494,-0.057525785123966937,-0.088860082644628094,-0.28669504132231421,0.15470677685950418,0.12346652892561974,-0.015688677685950416,-0.25506314049586776,-0.13911595041322306,-0.15059471074380168,-0.048283223140495844,-0.094913719008264424,-0.017776033057851252,-0.16545404958677692,0.003781157024793389,0.0085076033057850872,-0.025276363636363638,-0.17652826446280984,-0.19009909090909072,-0.13462016528925616,0.069708429752066078,0.22611082644628092,-0.013349338842975192,0.25543636363636368,0.078879504132231354,0.14014628099173565,-0.036936033057851245,0.0094339669421487637,-0.046330330578512414,-0.099198760330578561,0.11400950413223139,-0.17477785123966935,-0.14073297520661143,0.05816388429752066,-0.10369181818181822,-0.12973520661157026,0.013506694214876014,-0.2157203305785125,0.027313553719008211
43,0.0,0.002876033057851243,0.035604203069657593,0.13866129870129867,0.16030200708382519,0.22801242030696581,0.27011584415584422,-0.014733459268004732,0.069033577331759216,0.086675891381345863,-0.17041652892561993,0.10188226682408499,0.2695561747343565,0.1189383234946871,-0.15052316410861855,-0.15072807556080295,-0.29008595041322321,-0.04597610389610389,-0.038259645808736711,-0.29773997638724903,-0.032439291617473422,-0.019697662337662351,0.071402786304604463,0.36407730814639877,0.19714432113341207,0.091959952774498102,0.21330838252656434,0.17131655253837055,-0.10543952774498228,-0.10835867768595034,0.20484033057851264,-0.053477497048406174,0.048456387249114552,-0.0035246280991735541,-0.059669610389610363,-0.32771046044864227,0.068545643447461627,0.055604203069657625,-0.10776646989374258,-0.10172179456906724,0.119359386068477,-0.025152963400236164,0.13279400236127514,0.026776906729633981,0.10940528925619841,0.030466776859504104,-0.16562800472255007,0.012581109799291596,0.017045950413223144,0.17163829988193643,-0.086135253837071948,-0.00027636363636364706,0.16275744982290419,0.12507948051948056,-0.0039058795749704828,-0.08600585596221956,-0.051567744982290477,0.084686375442738965,-0.118135064935065,-0.062906210153482855,-0.14735371900826447,0.11913539551357744,-0.075030318772136992,0.094205383707201898,-0.13223447461629281,-0.34402621015348267,0.065936434474616265,0.027659881936245526,0.079413884297520665,0.084343896103896088,0.19597907910271561,-0.057386162927981085,0.41642252656434536,-0.060186446280991769
44,0.0,0.002876033057851243,-0.085110082644628104,-0.086100606060606086,0.18006391184572998,0.26610765840220385,-0.011312727272727273,-0.00901917355371901,-0.0028711845730027565,-0.013562203856749323,0.26958347107437997,0.039025123966942118,-0.15187239669421485,-0.14415691460055099,0.026381597796143241,0.27736716253443527,0.13158071625344353,0.13640484848484838,0.16983559228650158,0.04702192837465554,0.015417851239669425,0.2950642424242424,-0.028359118457300266,-0.16044650137741054,-0.096427107438016482,0.22743614325068873,-0.17788209366391186,-0.29392154269972431,0.049798567493112955,0.033307988980716255,-0.3284930027548208,0.19961774104683183,-0.0084483746556473348,0.033142038567493121,-0.0027648484848484863,-0.08890093663911855,0.13497421487603303,0.053223250688705266,-0.01752837465564739,0.0097067768595040689,0.10054986225895308,-0.024438677685950375,-0.25506314049586781,-0.19869928374655646,-0.065594710743801646,-0.10119988980716263,-0.14324705234159776,-0.2886093663911849,0.033712617079889769,-0.03621884297520659,-0.0073257300275481893,0.041390303030303027,-0.30819493112947638,0.0186509090909091,0.13704650137741031,0.013041763085399454,-0.25347250688705225,-0.017932672176308534,0.048769696969696991,0.066379504132231412,-0.10235371900826448,0.12389730027548207,0.23235063360881536,0.13491966942148753,0.043717906336088144,0.29859283746556475,0.10688881542699737,-0.13281630853994464,-0.00058611570247933892,0.4567248484848479,-0.079735206611570325,-0.023576639118457282,-0.32738699724517917,0.099813553719008366
